{
  "name" : "mapping_approved_sales_data",
  "sourceOrgId" : "8dVFJp76WQTeq13NNnHk8n",
  "sourceOrgName" : "sas",
  "exportedObjects" : [ {
    "objectGuid" : "1iSu8PTArYBemnfaX9Kb0m",
    "objectName" : "mapping_approved_sales_data",
    "objectType" : "DTEMPLATE",
    "path" : "/Explore/Default",
    "metadata" : {
      "modelVersion" : {
        "major" : 0,
        "minor" : 0
      },
      "repoInfo" : {
        "repoHandle" : "012I1L17000000000009"
      },
      "objectRefs" : [ "aLNoTYV6RuHfGxxGj5nnO4", "7IWiu65b4fnjJ1UNooUBqQ" ],
      "contextAttributes" : [ {
        "name" : "id",
        "value" : "@1"
      } ],
      "additionalInfo" : {
        "description" : "",
        "contentType" : "JSON",
        "documentState" : "VALID"
      }
    }
  }, {
    "objectGuid" : "aLNoTYV6RuHfGxxGj5nnO4",
    "objectName" : "c_Gender",
    "objectType" : "CLEANSE",
    "path" : "/Explore/Default",
    "metadata" : {
      "modelVersion" : {
        "major" : 1,
        "minor" : 0
      },
      "repoInfo" : {
        "repoHandle" : "aLNoTYV6RuHfGxxGj5nnO4"
      },
      "objectRefs" : [ ],
      "contextAttributes" : [ ],
      "additionalInfo" : {
        "description" : null,
        "contentType" : "Binary",
        "documentState" : "VALID"
      }
    }
  }, {
    "objectGuid" : "6KwEOW7bRWniSmOsafqvq4",
    "objectName" : "DESKTOP-DRNTSAV",
    "objectType" : "AgentGroup",
    "path" : "/SYS",
    "metadata" : {
      "modelVersion" : {
        "major" : 0,
        "minor" : 0
      },
      "repoInfo" : {
        "repoHandle" : "012I1L25000000000002"
      },
      "objectRefs" : [ ],
      "contextAttributes" : [ {
        "name" : "id",
        "value" : "@1"
      } ],
      "additionalInfo" : {
        "description" : null,
        "contentType" : "JSON",
        "documentState" : "VALID"
      }
    }
  }, {
    "objectGuid" : "4N91sBW2gg1co4bESmMm2l",
    "objectName" : "Default",
    "objectType" : "Project",
    "path" : "/Explore",
    "metadata" : {
      "modelVersion" : {
        "major" : 0,
        "minor" : 0
      },
      "repoInfo" : null,
      "objectRefs" : [ ],
      "contextAttributes" : [ {
        "name" : "IS_DEF_LOC",
        "value" : "true"
      } ],
      "additionalInfo" : {
        "description" : "Auto-generated Default Project",
        "contentType" : null,
        "documentState" : "COMPLETE"
      }
    }
  }, {
    "objectGuid" : "7IWiu65b4fnjJ1UNooUBqQ",
    "objectName" : "flat_files_con",
    "objectType" : "Connection",
    "path" : "/SYS",
    "metadata" : {
      "modelVersion" : {
        "major" : 0,
        "minor" : 0
      },
      "repoInfo" : {
        "repoHandle" : "012I1L0B000000000002"
      },
      "objectRefs" : [ "6KwEOW7bRWniSmOsafqvq4" ],
      "contextAttributes" : [ {
        "name" : "id",
        "value" : "@1"
      } ],
      "additionalInfo" : {
        "description" : null,
        "contentType" : "JSON",
        "documentState" : "COMPLETE"
      }
    }
  } ]
}