{"id":"aLNoTYV6RuHfGxxGj5nnO4","name":"c_Gender","description":null,"documentType":"CLEANSE","repoInfo":{"repoPath":"","repoHandle":"aLNoTYV6RuHfGxxGj5nnO4"},"docRef":null,"customAttributes":{"stringAttrs":[{"name":"ReferencedPublishingAllowed","value":"true"},{"name":"DIMENSION","value":"NONE"}]},"nativeData":{"id":"aLNoTYV6RuHfGxxGj5nnO4","documentBlob":"{\"id\":\"56\",\"name\":\"c_Gender\",\"inputs\":[{\"id\":1,\"precision\":255,\"scale\":0,\"type\":\"string\",\"name\":\"Cleanse\"}],\"outputs\":[{\"id\":2,\"precision\":255,\"scale\":0,\"type\":\"string\",\"name\":\"Cleanse_Cleansed\"}],\"fieldTestData\":[{\"cleanseFieldId\":1,\"testData\":[]}],\"instances\":[{\"id\":3,\"name\":\"Instance1\",\"inputs\":[1],\"outputs\":[2],\"steps\":[{\"id\":109,\"name\":\"CLEANSE_CONVERT_CASE\",\"strategyType\":\"CaseConverterStrategy\",\"strategySubType\":\"CLEANSE_CONVERT_CASE\",\"description\":\"CLEANSE_CONVERT_UPPER_CASE\",\"delimiterList\":[\" \"],\"conversionType\":0,\"uppercaseOverride\":false},{\"id\":117,\"name\":\"CLEANSE_REMOVE_CONTENT\",\"strategyType\":\"StandardizeStrategy\",\"strategySubType\":\"CLEANSE_REMOVE_CONTENT\",\"description\":\"CLEANSE_CUSTOM_STRINGS\",\"delimiterList\":[\" \"],\"operations\":[{\"operationType\":\"SDOpRemoveCustomStrings\",\"scope\":\"0\",\"customStringList\":[\"XYZ\"]}],\"removeMultipleSpaces\":false,\"trim\":false},{\"id\":121,\"name\":\"CLEANSE_REMOVE_SPACES\",\"strategyType\":\"StandardizeStrategy\",\"strategySubType\":\"CLEANSE_REMOVE_SPACES\",\"description\":\"CLEANSE_LEADING_AND_TRAILING\",\"delimiterList\":[],\"removeMultipleSpaces\":false,\"trim\":true}]}]}"}}